mutant_id,wt_id,wt_seq,mutant_seq,position,wt_aa,mut_aa,mutation_type,RF_score,XGB_score,avg_score,delta_avg
P02_EVDATVKSL_Sat_7R,P02_EVDATVKSL,EVDATVKSL,EVDATVRSL,7,K,R,single_saturation,0.952,0.98458904,0.9682945201396942,0.04787274551391596
P01_NTQIENL_Sat_6E,P01_NTQIENL,NTQIENL,NTQIEEL,6,N,E,single_saturation,0.944,0.99122506,0.9676125319004059,0.047190757274627626
P02_EVDATVKSL_Sat_7V,P02_EVDATVKSL,EVDATVKSL,EVDATVVSL,7,K,V,single_saturation,0.934,0.9864449,0.9602224452495576,0.039800670623779344
P02_EVDATVKSL_Sat_7P,P02_EVDATVKSL,EVDATVKSL,EVDATVPSL,7,K,P,single_saturation,0.93,0.985558,0.9577789866924287,0.037357212066650436
P01_NTQIENL_Sat_6L,P01_NTQIENL,NTQIENL,NTQIELL,6,N,L,single_saturation,0.932,0.9812232,0.9566116127967834,0.036189838171005184
P02_EVDATVKSL_Sat_7S,P02_EVDATVKSL,EVDATVKSL,EVDATVSSL,7,K,S,single_saturation,0.924,0.98833233,0.9561661655902862,0.03574439096450799
P02_EVDATVKSL_Sat_7H,P02_EVDATVKSL,EVDATVKSL,EVDATVHSL,7,K,H,single_saturation,0.936,0.9748292,0.9554145984649658,0.03499282383918756
P02_EVDATVKSL_Sat_7T,P02_EVDATVKSL,EVDATVKSL,EVDATVTSL,7,K,T,single_saturation,0.934,0.97668606,0.9553430302143098,0.03492125558853154
P02_EVDATVKSL_S8L,P02_EVDATVKSL,EVDATVKSL,EVDATVSL,7,K,S,user_designed,0.92,0.98659027,0.953295133113861,0.032873358488082816
P02_EVDATVKSL_Sat_7Y,P02_EVDATVKSL,EVDATVKSL,EVDATVYSL,7,K,Y,single_saturation,0.936,0.9684349,0.9522174351215362,0.031795660495757994
P04_NTQIDNL_Sat_4M,P04_NTQIDNL,NTQIDNL,NTQMDNL,4,I,M,single_saturation,0.92,0.9826302,0.951315096616745,0.030893321990966727
P02_EVDATVKSL_Sat_8Q,P02_EVDATVKSL,EVDATVKSL,EVDATVKQL,8,S,Q,single_saturation,0.922,0.98003995,0.951019977092743,0.030598202466964763
P04_NTQIDNL_Sat_4V,P04_NTQIDNL,NTQIDNL,NTQVDNL,4,I,V,single_saturation,0.926,0.9750973,0.9505486493110658,0.03012687468528752
P04_NTQIDNL_Sat_4N,P04_NTQIDNL,NTQIDNL,NTQNDNL,4,I,N,single_saturation,0.916,0.9842166,0.9501082854270935,0.029686510801315236
P04_NTQIDNL_Sat_6M,P04_NTQIDNL,NTQIDNL,NTQIDML,6,N,M,single_saturation,0.908,0.9908867,0.9494433441162109,0.029021569490432664
P02_EVDATVKSL_Sat_8E,P02_EVDATVKSL,EVDATVKSL,EVDATVKEL,8,S,E,single_saturation,0.912,0.98676413,0.949382066488266,0.02896029186248772
P03_TLTQTVENIR_Sat_1E,P03_TLTQTVENIR,TLTQTVENIR,ELTQTVENIR,1,T,E,single_saturation,0.908,0.9905867,0.9492933490276336,0.028871574401855393
P02_EVDATVKSL_Sat_7M,P02_EVDATVKSL,EVDATVKSL,EVDATVMSL,7,K,M,single_saturation,0.92,0.9776693,0.9488346493244171,0.028412874698638846
P01_NTQIENL_Ascan_6A,P01_NTQIENL,NTQIENL,NTQIEAL,6,N,A,alanine_scan,0.914,0.9831192,0.9485595948696137,0.028137820243835487
P05_NSQIENL_Sat_6E,P05_NSQIENL,NSQIENL,NSQIEEL,6,N,E,single_saturation,0.914,0.9806219,0.9473109371662141,0.02688916254043583
P04_NTQIDNL_Sat_6P,P04_NTQIDNL,NTQIDNL,NTQIDPL,6,N,P,single_saturation,0.912,0.98222524,0.947112619638443,0.02669084501266472
P04_NTQIDNL_Sat_6T,P04_NTQIDNL,NTQIDNL,NTQIDTL,6,N,T,single_saturation,0.908,0.9830919,0.94554594540596,0.02512417078018181
P01_NTQIENL_Sat_6M,P01_NTQIENL,NTQIENL,NTQIEML,6,N,M,single_saturation,0.906,0.98440546,0.9452027289867402,0.02478095436096195
P03_TLTQTVENIR_Sat_7Q,P03_TLTQTVENIR,TLTQTVENIR,TLTQTVQNIR,7,E,Q,single_saturation,0.91,0.97992367,0.9449618327617646,0.024540058135986365
P02_EVDATVKSL_Sat_7N,P02_EVDATVKSL,EVDATVKSL,EVDATVNSL,7,K,N,single_saturation,0.92,0.9686872,0.9443435883522033,0.0239218137264251
P04_NTQIDNL_Sat_1P,P04_NTQIDNL,NTQIDNL,PTQIDNL,1,N,P,single_saturation,0.898,0.98948157,0.9437407841682435,0.02331900954246524
P02_EVDATVKSL_Sat_7Q,P02_EVDATVKSL,EVDATVKSL,EVDATVQSL,7,K,Q,single_saturation,0.916,0.970696,0.9433479862213134,0.022926211595535206
P02_EVDATVKSL_Sat_8P,P02_EVDATVKSL,EVDATVKSL,EVDATVKPL,8,S,P,single_saturation,0.91,0.9765133,0.9432566630840302,0.02283488845825199
P01_NTQIENL_Sat_6T,P01_NTQIENL,NTQIENL,NTQIETL,6,N,T,single_saturation,0.91,0.9756429,0.9428214597702027,0.022399685144424475
P04_NTQIDNL_Sat_6S,P04_NTQIDNL,NTQIDNL,NTQIDSL,6,N,S,single_saturation,0.902,0.9829413,0.9424706647396088,0.0220488901138306
P01_NTQIENL_Sat_1P,P01_NTQIENL,NTQIENL,PTQIENL,1,N,P,single_saturation,0.898,0.9864978,0.9422489097118378,0.0218271350860596
P03_TLTQTVENIR_Ascan_5A,P03_TLTQTVENIR,TLTQTVENIR,TLTQAVENIR,5,T,A,alanine_scan,0.91,0.97410756,0.9420537817478181,0.02163200712203983
P04_NTQIDNL_Ascan_4A,P04_NTQIDNL,NTQIDNL,NTQADNL,4,I,A,alanine_scan,0.914,0.9699019,0.9419509596824647,0.02152918505668644
P03_TLTQTVENIR_Sat_5E,P03_TLTQTVENIR,TLTQTVENIR,TLTQEVENIR,5,T,E,single_saturation,0.902,0.9818828,0.9419414052963258,0.021519630670547518
P04_NTQIDNL_Sat_4L,P04_NTQIDNL,NTQIDNL,NTQLDNL,4,I,L,single_saturation,0.908,0.9748053,0.9414026477336883,0.02098087310791008
P03_TLTQTVENIR_Sat_9D,P03_TLTQTVENIR,TLTQTVENIR,TLTQTVENDR,9,I,D,single_saturation,0.912,0.97060704,0.941303521156311,0.020881746530532763
P01_NTQIENL_Sat_7E,P01_NTQIENL,NTQIENL,NTQIENE,7,L,E,single_saturation,0.906,0.9758218,0.9409108965396882,0.020489121913909947
P04_NTQIDNL_Ascan_6A,P04_NTQIDNL,NTQIDNL,NTQIDAL,6,N,A,alanine_scan,0.898,0.98236805,0.940184026002884,0.019762251377105744
P04_NTQIDNL_Sat_7V,P04_NTQIDNL,NTQIDNL,NTQIDNV,7,L,V,single_saturation,0.898,0.9811257,0.9395628561973572,0.01914108157157901
P04_NTQIDNL_Sat_1M,P04_NTQIDNL,NTQIDNL,MTQIDNL,1,N,M,single_saturation,0.9,0.97907466,0.9395373284816741,0.019115553855895917
P01_NTQIENL_Sat_6W,P01_NTQIENL,NTQIENL,NTQIEWL,6,N,W,single_saturation,0.908,0.97091347,0.9394567348957061,0.019034960269927903
P02_EVDATVKSL_Sat_7W,P02_EVDATVKSL,EVDATVKSL,EVDATVWSL,7,K,W,single_saturation,0.926,0.9526004,0.939300209760666,0.01887843513488774
P01_NTQIENL_Sat_4V,P01_NTQIENL,NTQIENL,NTQVENL,4,I,V,single_saturation,0.912,0.96554506,0.9387725291252136,0.01835075449943535
P03_TLTQTVENIR_Sat_10E,P03_TLTQTVENIR,TLTQTVENIR,TLTQTVENIE,10,R,E,single_saturation,0.9,0.97727644,0.9386382222175598,0.018216447591781537
P01_NTQIENL_Sat_6V,P01_NTQIENL,NTQIENL,NTQIEVL,6,N,V,single_saturation,0.896,0.98126274,0.9386313717365264,0.01820959711074821
P04_NTQIDNL_Sat_1S,P04_NTQIDNL,NTQIDNL,STQIDNL,1,N,S,single_saturation,0.9,0.97721684,0.9386084198951721,0.018186645269393842
P01_NTQIENL_Sat_7T,P01_NTQIENL,NTQIENL,NTQIENT,7,L,T,single_saturation,0.906,0.9711567,0.9385783581733704,0.018156583547592198
P03_TLTQTVENIR_Sat_9H,P03_TLTQTVENIR,TLTQTVENIR,TLTQTVENHR,9,I,H,single_saturation,0.906,0.9711402,0.938570102930069,0.018148328304290806
P04_NTQIDNL_Sat_4W,P04_NTQIDNL,NTQIDNL,NTQWDNL,4,I,W,single_saturation,0.91,0.9658552,0.9379275906085969,0.01750581598281864
P01_NTQIENL_Sat_1E,P01_NTQIENL,NTQIENL,ETQIENL,1,N,E,single_saturation,0.908,0.96785116,0.9379255809783935,0.01750380635261528
P01_NTQIENL_Sat_7V,P01_NTQIENL,NTQIENL,NTQIENV,7,L,V,single_saturation,0.902,0.97378933,0.9378946671485902,0.017472892522811923
P01_NTQIENL_Sat_5D,P01_NTQIENL,NTQIENL,NTQIDNL,5,E,D,single_saturation,0.896,0.97957885,0.9377894263267517,0.01736765170097343
P04_NTQIDNL_D_1N,P04_NTQIDNL,NTQIDNL,NTQIDNL,1,N,D-N,D_amino_acid,0.896,0.97957885,0.9377894263267517,0.01736765170097343
P04_NTQIDNL_Sat_7S,P04_NTQIDNL,NTQIDNL,NTQIDNS,7,L,S,single_saturation,0.904,0.97139907,0.9376995344161987,0.017277759790420455
P01_NTQIENL_Sat_7P,P01_NTQIENL,NTQIENL,NTQIENP,7,L,P,single_saturation,0.902,0.9729417,0.9374708483219147,0.017049073696136507
P01_NTQIENL_Sat_1D,P01_NTQIENL,NTQIENL,DTQIENL,1,N,D,single_saturation,0.91,0.9646276,0.9373138117790223,0.016892037153244055
P04_NTQIDNL_Sat_7P,P04_NTQIDNL,NTQIDNL,NTQIDNP,7,L,P,single_saturation,0.896,0.9786098,0.9373049001693725,0.01688312554359428
P01_NTQIENL_Sat_1M,P01_NTQIENL,NTQIENL,MTQIENL,1,N,M,single_saturation,0.91,0.96449405,0.9372470247745515,0.01682525014877323
P04_NTQIDNL_Sat_7M,P04_NTQIDNL,NTQIDNL,NTQIDNM,7,L,M,single_saturation,0.89,0.98380923,0.9369046163558961,0.016482841730117825
P01_NTQIENL_Sat_6S,P01_NTQIENL,NTQIENL,NTQIESL,6,N,S,single_saturation,0.9,0.9721976,0.9360987961292266,0.015677021503448407
P01_NTQIENL_Sat_6P,P01_NTQIENL,NTQIENL,NTQIEPL,6,N,P,single_saturation,0.892,0.9798028,0.9359013936519622,0.015479619026184
P01_NTQIENL_Sat_7D,P01_NTQIENL,NTQIENL,NTQIEND,7,L,D,single_saturation,0.904,0.96758723,0.9357936162948608,0.015371841669082564
P04_NTQIDNL_Sat_7T,P04_NTQIDNL,NTQIDNL,NTQIDNT,7,L,T,single_saturation,0.894,0.97718996,0.9355949790477753,0.0151732044219971
P01_NTQIENL_Sat_6Q,P01_NTQIENL,NTQIENL,NTQIEQL,6,N,Q,single_saturation,0.894,0.97705734,0.9355286688804627,0.015106894254684478
P01_NTQIENL_Sat_1S,P01_NTQIENL,NTQIENL,STQIENL,1,N,S,single_saturation,0.902,0.96881515,0.9354075739383698,0.014985799312591586
P04_NTQIDNL_Sat_1V,P04_NTQIDNL,NTQIDNL,VTQIDNL,1,N,V,single_saturation,0.894,0.9764613,0.9352306456565858,0.014808871030807524
P02_EVDATVKSL_Sat_8T,P02_EVDATVKSL,EVDATVKSL,EVDATVKTL,8,S,T,single_saturation,0.904,0.96605366,0.9350268323421478,0.014605057716369552
P04_NTQIDNL_Sat_7H,P04_NTQIDNL,NTQIDNL,NTQIDNH,7,L,H,single_saturation,0.888,0.98200524,0.93500261926651,0.014580844640731727
P01_NTQIENL_Sat_1V,P01_NTQIENL,NTQIENL,VTQIENL,1,N,V,single_saturation,0.906,0.9635931,0.9347965626716614,0.014374788045883213
P02_EVDATVKSL_Sat_7I,P02_EVDATVKSL,EVDATVKSL,EVDATVISL,7,K,I,single_saturation,0.896,0.9733743,0.9346871535778045,0.014265378952026286
P04_NTQIDNL_Ascan_1A,P04_NTQIDNL,NTQIDNL,ATQIDNL,1,N,A,alanine_scan,0.89,0.9793386,0.934669293165207,0.014247518539428738
P04_NTQIDNL_Sat_6W,P04_NTQIDNL,NTQIDNL,NTQIDWL,6,N,W,single_saturation,0.896,0.9731452,0.9345725934505462,0.014150818824767986
P03_TLTQTVENIR_Sat_10P,P03_TLTQTVENIR,TLTQTVENIR,TLTQTVENIP,10,R,P,single_saturation,0.906,0.9628682,0.9344341068267823,0.014012332201004063
P01_NTQIENL_Sat_4N,P01_NTQIENL,NTQIENL,NTQNENL,4,I,N,single_saturation,0.888,0.9808608,0.9344304146766662,0.014008640050887977
P04_NTQIDNL_Sat_6V,P04_NTQIDNL,NTQIDNL,NTQIDVL,6,N,V,single_saturation,0.88,0.9884614,0.9342306876182556,0.013808912992477329
P02_EVDATVKSL_Sat_6Y,P02_EVDATVKSL,EVDATVKSL,EVDATYKSL,6,V,Y,single_saturation,0.89,0.97820616,0.9341030788421631,0.013681304216384915
P01_NTQIENL_Ascan_1A,P01_NTQIENL,NTQIENL,ATQIENL,1,N,A,alanine_scan,0.9,0.96744365,0.9337218225002288,0.013300047874450605
P04_NTQIDNL_Sat_1H,P04_NTQIDNL,NTQIDNL,HTQIDNL,1,N,H,single_saturation,0.89,0.97693914,0.9334695708751679,0.013047796249389676
P01_NTQIENL_D_1N,P01_NTQIENL,NTQIENL,NTQIENL,1,N,D-N,D_amino_acid,0.894,0.972913,0.9334565134048463,0.013034738779068022
P05_NSQIENL_Sat_2T,P05_NSQIENL,NSQIENL,NTQIENL,2,S,T,single_saturation,0.894,0.972913,0.9334565134048463,0.013034738779068022
P04_NTQIDNL_Sat_5E,P04_NTQIDNL,NTQIDNL,NTQIENL,5,D,E,single_saturation,0.894,0.972913,0.9334565134048463,0.013034738779068022
P03_TLTQTVENIR_Sat_6E,P03_TLTQTVENIR,TLTQTVENIR,TLTQTEENIR,6,V,E,single_saturation,0.888,0.9781276,0.933063799381256,0.012642024755477821
P03_TLTQTVENIR_Sat_7D,P03_TLTQTVENIR,TLTQTVENIR,TLTQTVDNIR,7,E,D,single_saturation,0.9,0.96571213,0.9328560650348663,0.012434290409088056
P03_TLTQTVENIR_Sat_4E,P03_TLTQTVENIR,TLTQTVENIR,TLTETVENIR,4,Q,E,single_saturation,0.896,0.9694974,0.9327486913204193,0.012326916694641032
P03_TLTQTVENIR_Sat_10D,P03_TLTQTVENIR,TLTQTVENIR,TLTQTVENID,10,R,D,single_saturation,0.886,0.97890663,0.9324533157348633,0.012031541109085109
P04_NTQIDNL_Sat_7D,P04_NTQIDNL,NTQIDNL,NTQIDND,7,L,D,single_saturation,0.89,0.9746097,0.932304836511612,0.011883061885833768
P02_EVDATVKSL_Sat_8V,P02_EVDATVKSL,EVDATVKSL,EVDATVKVL,8,S,V,single_saturation,0.884,0.97991943,0.931959716796875,0.011537942171096716
P04_NTQIDNL_Sat_7E,P04_NTQIDNL,NTQIDNL,NTQIDNE,7,L,E,single_saturation,0.896,0.96758723,0.9317936162948608,0.01137184166908256
P01_NTQIENL_Sat_7M,P01_NTQIENL,NTQIENL,NTQIENM,7,L,M,single_saturation,0.886,0.97750604,0.9317530207633973,0.011331246137619044
P03_TLTQTVENIR_Sat_7S,P03_TLTQTVENIR,TLTQTVENIR,TLTQTVSNIR,7,E,S,single_saturation,0.9,0.9631304,0.9315652072429657,0.011143432617187421
P02_EVDATVKSL_Sat_8M,P02_EVDATVKSL,EVDATVKSL,EVDATVKML,8,S,M,single_saturation,0.876,0.98711026,0.9315551285743713,0.01113335394859305
P03_TLTQTVENIR_Sat_10T,P03_TLTQTVENIR,TLTQTVENIR,TLTQTVENIT,10,R,T,single_saturation,0.906,0.95701885,0.9315094261169434,0.011087651491165196
P01_NTQIENL_Sat_7S,P01_NTQIENL,NTQIENL,NTQIENS,7,L,S,single_saturation,0.894,0.9682177,0.9311088354587556,0.010687060832977324
P01_NTQIENL_Sat_1T,P01_NTQIENL,NTQIENL,TTQIENL,1,N,T,single_saturation,0.896,0.9660868,0.9310434024333953,0.010621627807617107
P03_TLTQTVENIR_Sat_5H,P03_TLTQTVENIR,TLTQTVENIR,TLTQHVENIR,5,T,H,single_saturation,0.906,0.9558531,0.9309265522956849,0.01050477766990665
P03_TLTQTVENIR_Sat_5W,P03_TLTQTVENIR,TLTQTVENIR,TLTQWVENIR,5,T,W,single_saturation,0.902,0.9592099,0.9306049594879151,0.010183184862136874
P01_NTQIENL_Sat_1H,P01_NTQIENL,NTQIENL,HTQIENL,1,N,H,single_saturation,0.89,0.971025,0.9305124950408936,0.010090720415115384
P02_EVDATVKSL_Sat_7D,P02_EVDATVKSL,EVDATVKSL,EVDATVDSL,7,K,D,single_saturation,0.894,0.96688473,0.9304423661231995,0.010020591497421294
P03_TLTQTVENIR_Sat_4D,P03_TLTQTVENIR,TLTQTVENIR,TLTDTVENIR,4,Q,D,single_saturation,0.894,0.9667281,0.9303640456199647,0.00994227099418643
P05_NSQIENL_Sat_6L,P05_NSQIENL,NSQIENL,NSQIELL,6,N,L,single_saturation,0.904,0.9563554,0.9301776964664459,0.009755921840667647
