peptide,rank,position,original_aa,conservation_prob,suggested_mutation,alt_prob,impact_level,rationale
NTQIENL,1,1,N,0.7111,N1L,0.1277,低,中等保守-可以尝试突变
NTQIENL,1,2,T,0.6465,T2L,0.1229,低,中等保守-可以尝试突变
NTQIENL,1,3,Q,0.5654,Q3D,0.0756,低,中等保守-可以尝试突变
NTQIENL,1,4,I,0.5886,I4P,0.0744,低,中等保守-可以尝试突变
NTQIENL,1,5,E,0.8203,E5G,0.1275,低,中等保守-可以尝试突变
NTQIENL,1,6,N,0.895,N6D,0.0198,低,高度保守-突变可能破坏结构
NTQIENL,1,7,L,0.9373,L7I,0.0113,低,高度保守-突变可能破坏结构
EVDATVKSL,2,1,E,0.6026,E1A,0.0573,低,中等保守-可以尝试突变
EVDATVKSL,2,2,V,0.7122,V2L,0.0308,低,中等保守-可以尝试突变
EVDATVKSL,2,3,D,0.6394,D3L,0.0371,低,中等保守-可以尝试突变
EVDATVKSL,2,4,A,0.6775,A4L,0.047,低,中等保守-可以尝试突变
EVDATVKSL,2,5,T,0.7645,T5L,0.0456,低,中等保守-可以尝试突变
EVDATVKSL,2,6,V,0.836,V6L,0.0274,低,中等保守-可以尝试突变
EVDATVKSL,2,7,K,0.6716,K7T,0.0427,低,中等保守-可以尝试突变
EVDATVKSL,2,8,S,0.7945,S8L,0.0207,低,中等保守-可以尝试突变
EVDATVKSL,2,9,L,0.8046,L9V,0.0232,低,中等保守-可以尝试突变
TLTQTVENIR,3,1,T,0.8501,T1L,0.0231,低,高度保守-突变可能破坏结构
TLTQTVENIR,3,2,L,0.8312,L2Y,0.0248,低,中等保守-可以尝试突变
TLTQTVENIR,3,3,T,0.87,T3L,0.0464,低,高度保守-突变可能破坏结构
TLTQTVENIR,3,4,Q,0.5389,Q4L,0.1951,低,中等保守-可以尝试突变
TLTQTVENIR,3,5,T,0.5785,T5L,0.1109,低,中等保守-可以尝试突变
TLTQTVENIR,3,6,V,0.6873,V6A,0.0603,低,中等保守-可以尝试突变
TLTQTVENIR,3,7,E,0.7584,E7G,0.0614,低,中等保守-可以尝试突变
TLTQTVENIR,3,8,N,0.8899,N8L,0.0147,低,高度保守-突变可能破坏结构
TLTQTVENIR,3,9,I,0.6823,I9L,0.2486,低,中等保守-可以尝试突变
TLTQTVENIR,3,10,R,0.6218,R10L,0.0555,低,中等保守-可以尝试突变
NTQIDNL,4,1,N,0.7658,N1L,0.0766,低,中等保守-可以尝试突变
NTQIDNL,4,2,T,0.6061,T2L,0.0749,低,中等保守-可以尝试突变
NTQIDNL,4,3,Q,0.6775,Q3N,0.0664,低,中等保守-可以尝试突变
NTQIDNL,4,4,I,0.6877,I4L,0.0459,低,中等保守-可以尝试突变
NTQIDNL,4,5,D,0.8518,D5G,0.0612,低,高度保守-突变可能破坏结构
NTQIDNL,4,6,N,0.8095,N6L,0.0263,低,中等保守-可以尝试突变
NTQIDNL,4,7,L,0.889,L7I,0.0123,低,高度保守-突变可能破坏结构
NSQIENL,5,1,N,0.7711,N1L,0.0461,低,中等保守-可以尝试突变
NSQIENL,5,2,S,0.7332,S2P,0.0447,低,中等保守-可以尝试突变
NSQIENL,5,3,Q,0.7207,Q3L,0.0457,低,中等保守-可以尝试突变
NSQIENL,5,4,I,0.4754,I4N,0.1168,中,中等保守-可以尝试突变
NSQIENL,5,5,E,0.8984,E5G,0.0385,低,高度保守-突变可能破坏结构
NSQIENL,5,6,N,0.9005,N6D,0.0127,低,高度保守-突变可能破坏结构
NSQIENL,5,7,L,0.9126,L7I,0.0114,低,高度保守-突变可能破坏结构
